ID,Your name:,Your e-mail:
1,Riley Torres,rileytorres567@email.com
2,Layla Ward,laylaward890@email.com
3,Benjamin Murphy,benjaminmurphy123@email.com
4,Stella Morris,stellamorris456@email.com
5,William Powell,williampowell789@email.com
6,Emma Johnson,emmajohnson123@email.com
7,Benjamin Carter,bencarter456@email.com
8,Olivia Smith ,oliviasmith789@email.com
9,Liam Thompson,liamthompson234@email.com
10,Ava Davis,avadavis567@email.com
11,William Wilson,williamwilson890@email.com
12,Sophia Martinez,sophiamartinez123@email.com
13,James Anderson,jamesanderson456@email.com
14,Isabella Taylor,isabellataylor789@email.com
15,Alexander White,alexanderwhite234@email.com
16,Mia Garcia,miagarcia567@email.com
17,Michael Brown,michaelbrown890@email.com
18,Charlotte Rodriguez,charlotterodriguez123@email.com
19,Ethan Lopez,ethanlopez456@email.com
20,Amelia Lee,amelialeee789@email.com
21,Daniel Hernandez,danielhernandez234@email.com
22,Harper Gonzalez,harpergonzalez567@email.com
23,Matthew Perez,matthewperez890@email.com
24,Evelyn Moore,evelynmoore123@email.com
25,Lucas Martin,lucasmartin456@email.com
